,word,word_count
18,para,384
4,física,154
2,estudantes,121
109,como,109
118,mais,88
120,sobre,85
303,cefisma,80
160,https,61
180,feira,55
349,ifusp,53
23,todos,52
326,pelo,51
270,universidade,50
286,mulheres,49
292,instituto,49
716,isso,48
0,assembleia,46
188,facebook,42
938,também,41
382,será,39
319,estão,39
272,mesmo,39
241,pela,39
221,pessoas,39
25,todas,38
239,contra,37
899,espaço,36
886,diretor,36
942,graduação,36
58,está,36
896,nome,35
646,esse,34
897,alunos,34
572,sala,33
611,gente,33
227,amanhã,33
1328,ensino,32
642,parte,32
370,evento,31
17,importante,31
1720,professores,31
1212,nossa,31
630,entre,31
50,quem,31
1443,prédio,30
256,reitoria,29
14,estudantil,29
16,muito,28
701,nosso,28
706,além,28
321,seus,27
866,você,27
765,escolas,27
540,movimento,27
568,cada,26
790,congregação,25
64,nova,25
207,suas,25
556,reunião,24
682,http,24
189,events,24
442,processo,24
2723,mulher,23
573,estudos,23
747,vocês,23
337,comunidade,23
67,atividades,23
1724,pesquisa,23
1007,aqui,23
191,pessoal,23
11,todo,22
406,luta,22
182,auditório,22
1294,paulo,22
1215,geral,22
79,educação,22
412,assim,22
665,armários,22
1160,debate,21
1183,comissão,21
431,novo,21
293,foram,21
1039,dias,21
301,temos,21
345,centro,21
535,apoio,21
596,fazer,20
37,frente,20
865,caso,20
56,onde,20
925,ainda,20
1564,eleições,20
285,coletivo,19
173,agora,19
267,creches,19
989,durante,18
513,semana,18
346,acadêmico,18
450,sendo,18
377,estamos,18
365,situação,18
217,paralisação,18
176,conversa,18
763,anos,17
478,sugestões,17
66,curso,17
27,hoje,17
203,central,17
862,então,17
558,vivência,17
674,serão,17
258,desde,17
231,funcionários,17
2615,festa,17
608,outros,16
81,brasil,16
1578,pois,16
892,discussão,16
5,quinta,16
768,seja,16
415,nesse,16
972,esta,16
205,discutir,16
947,este,15
2600,votos,15
1599,representantes,15
1361,quando,15
818,nossos,15
1222,atual,15
1223,ocupação,15
512,depois,15
502,aberta,15
149,próximo,15
368,segue,15
781,qual,15
287,sonja,14
288,ashauer,14
41,segurança,14
306,essa,14
621,área,14
175,roda,14
1618,outras,14
1833,armário,14
623,secretaria,14
656,vamos,14
545,aluno,14
710,pode,14
884,festas,14
390,atlética,14
471,lanchonete,14
381,participar,14
369,link,14
756,disso,13
1827,resultado,13
1051,primeiro,13
2073,vários,13
362,docentes,13
659,dentro,13
1480,eleição,13
328,sociedade,13
1076,deve,13
585,podem,13
1695,youtube,13
2221,mobilização,13
1153,congresso,13
72,museus,13
209,página,13
122,brasileira,13
146,local,13
661,alguns,12
671,necessário,12
10,presença,12
265,vagas,12
1145,informações,12
1030,quarta,12
393,2015,12
515,encontro,12
322,espaços,12
1565,chapa,12
254,cortes,12
402,diversas,12
738,abaixo,12
771,apenas,12
1366,proposta,12
1242,aula,12
464,menos,12
1201,licenciatura,12
90,respeito,12
332,forma,12
2257,marcos,12
633,ciências,12
249,problemas,12
179,segunda,12
496,livros,12
216,após,12
909,aulas,11
906,muitos,11
2398,devem,11
363,bolsas,11
855,eles,11
599,melhor,11
2531,corte,11
1696,watch,11
667,período,11
1133,escola,11
436,pautas,11
543,ajudar,11
1969,terça,11
1896,qualquer,11
1482,membros,11
1072,sorteio,11
477,queremos,11
1419,projeto,11
2254,ciência,11
1496,sempre,11
242,permanência,11
422,divulgação,11
38,entrada,11
253,pelos,11
1263,sexta,11
903,porque,11
1334,pública,11
590,mail,11
4199,chapas,11
1784,estado,11
1388,2016,10
1080,quer,10
1241,estavam,10
429,ocorrerá,10
92,número,10
2994,gestão,10
704,falta,10
745,pelas,10
735,algumas,10
905,horário,10
918,elas,10
1038,três,10
3068,escolha,10
380,todes,10
55,pessoa,10
1265,texto,10
1777,universitária,10
952,política,10
457,muitas,10
1502,relação,10
844,doação,10
269,trabalho,10
2377,quanto,10
796,faculdade,10
1481,porém,10
290,grupo,10
1194,primeira,10
200,acontecendo,10
204,venham,10
2963,prof,10
367,defesa,10
170,dessa,10
1396,documento,10
1005,beijos,9
348,concentração,9
2623,casos,9
3101,nomes,9
564,tipo,9
533,possam,9
553,creche,9
1225,junto,9
529,informar,9
737,problema,9
193,saber,9
668,inscrições,9
53,favor,9
277,nota,9
664,inscrição,9
97,público,9
197,greve,9
2216,secundaristas,9
1819,jafet,9
194,ontem,9
902,participação,9
33,estava,9
28,houve,9
501,caixa,9
3647,salas,9
804,esses,9
1669,arqueologia,9
3700,fref,9
230,conta,9
2651,machismo,9
420,seria,9
228,bandejão,9
330,direito,9
225,breve,9
995,nessa,9
1921,cursinho,9
260,passado,9
473,livraria,8
779,tentar,8
1264,outubro,8
830,lugar,8
792,poder,8
815,possibilidade,8
1492,achamos,8
769,dois,8
445,feito,8
2716,cultura,8
522,objetivo,8
1816,data,8
427,café,8
1249,entidades,8
2649,machista,8
1485,biblioteca,8
223,partir,8
472,xerox,8
1670,márcia,8
1650,fflch,8
113,teremos,8
580,salinhas,8
1449,disse,8
3270,estupro,8
1055,segundo,8
1613,cursos,8
1982,alckmin,8
955,instituição,8
310,garantir,8
184,moraes,8
1648,filosofia,8
13,corpo,8
2388,estudantis,8
908,estar,8
1569,temas,8
1635,primavera,8
1634,tudo,8
1630,governador,8
124,papel,8
2196,geraldo,8
1367,nacional,8
951,nenhuma,8
117,dados,8
1989,cima,8
136,avaliação,8
1233,polícia,8
725,crianças,8
177,professor,8
60,cotas,8
849,alguém,8
4412,estágios,8
935,atualmente,8
2003,manifestantes,8
352,haverá,8
100,acesso,8
2199,ocupações,8
1414,antes,8
1600,discentes,8
3425,elisa,8
1879,minha,7
2169,vítimas,7
615,campanha,7
628,final,7
2289,toda,7
1044,palestra,7
2349,última,7
3744,ocupadas,7
1050,livre,7
669,duplas,7
531,através,7
521,diálogo,7
2552,organizado,7
724,novas,7
552,feminista,7
2045,havia,7
103,acerca,7
147,casa,7
567,coisas,7
750,reitor,7
699,aumento,7
697,campus,7
2085,dava,7
1058,claro,7
1490,portanto,7
1077,entrar,7
588,mínimo,7
1474,votação,7
437,licitação,7
1105,programação,7
383,feita,7
1818,adma,7
3050,pontos,7
162,google,7
1789,momento,7
800,essas,7
401,país,7
854,hospital,7
1261,adusp,7
1845,ajuda,7
440,tirar,7
394,presentes,7
1549,delegades,7
1684,outro,7
3073,lista,7
248,diversos,7
3528,barraca,7
466,devemos,7
1579,assuntos,7
1235,tendo,7
1169,demais,7
314,político,7
794,conselho,7
3398,maneira,7
2955,eleitoral,7
1192,acontecerá,7
549,carta,6
1548,urna,6
1148,esqueçam,6
3140,diretoria,6
542,podemos,6
859,sangue,6
1411,popular,6
3122,poderão,6
836,parabéns,6
2021,enquanto,6
1410,fazendo,6
2217,precarização,6
3766,infelizmente,6
1629,zago,6
891,base,6
3336,aconteceu,6
1209,desse,6
1562,atividade,6
75,serviços,6
883,proibição,6
1679,modo,6
1461,falar,6
2426,campos,6
1156,várias,6
3235,violência,6
264,abertura,6
336,pedimos,6
957,prova,6
569,responsável,6
872,outra,6
3426,frota,6
3206,todxs,6
1234,militar,6
83,diferentes,6
183,abrahão,6
1064,duas,6
1174,mesas,6
2595,martins,6
3114,realização,6
504,propostas,6
2977,nulos,6
647,intuito,6
2976,brancos,6
2721,nenhum,6
144,junho,6
1420,meio,6
1894,algum,6
1590,calendário,6
96,atendimento,6
766,passar,6
2957,diretas,6
795,universitário,6
2821,fora,6
2929,latex,6
948,último,6
1582,aqueles,6
8,compareçam,6
996,puderem,6
1036,começa,6
1577,importantes,6
1425,site,6
2677,questão,6
409,programa,6
379,convidamos,6
3618,extensão,6
3450,cbpf,6
395,próxima,6
397,abril,6
828,tempo,6
1788,social,6
425,convida,6
743,participem,6
1566,quiserem,6
651,apresentação,6
244,realizado,6
2277,realizar,6
1097,conhecimento,6
3452,artigo,6
2152,ataque,5
958,necessária,5
949,jamais,5
4327,procuradoria,5
932,sistema,5
1621,formação,5
1610,candidatos,5
2168,desta,5
1647,história,5
1605,opinião,5
914,medidas,5
1858,semestre,5
962,mesma,5
1503,lousas,5
733,deixar,5
1781,mesa,5
1978,transporte,5
817,futuro,5
1821,sorteados,5
1824,devido,5
1908,sair,5
1835,linda,5
759,cargo,5
1754,principal,5
1895,estudante,5
1847,reforço,5
1888,volta,5
1862,colegas,5
789,pauta,5
991,lembrando,5
777,comissões,5
786,diretores,5
1522,estudar,5
974,fosse,5
672,regularmente,5
1685,lado,5
889,formas,5
1674,primeiramente,5
2126,inclusive,5
680,informe,5
1683,compreensão,5
681,amigos,5
685,node,5
692,iniciativa,5
1693,estudo,5
2002,policiais,5
868,contrário,5
867,chamado,5
707,levar,5
1717,projetos,5
709,maior,5
94,instituições,5
2023,discutida,5
971,enem,5
1478,sugestão,5
2400,formulário,5
4378,hc_location,5
3195,provas,5
520,organizar,5
364,protesto,5
526,máximo,5
527,possível,5
528,precisamos,5
1224,preta,5
354,plano,5
351,manhã,5
341,atos,5
163,forms,5
3211,view,5
1116,matemática,5
2499,centros,5
1221,vista,5
3520,departamento,5
1220,negra,5
1120,sessão,5
1368,comum,5
4430,administração,5
2642,opressão,5
311,liberdade,5
2830,dando,5
453,prazo,5
2928,oficina,5
3640,pucsp,5
428,quantum,5
426,mundo,5
1087,confirmadas,5
475,nossas,5
3013,alunes,5
3638,confiram,5
1243,debater,5
2798,post,5
484,mesmos,5
1268,homenageia,5
161,docs,5
2734,garotas,5
1081,seguinte,5
1293,grande,5
3059,resposta,5
315,principalmente,5
2942,ocupantes,5
1042,começar,5
592,necessidade,5
1177,muita,5
1190,consulta,5
583,fechadas,5
582,portas,5
1198,comparecer,5
3881,jovens,5
2269,total,5
3492,trabalhar,5
2387,sintusp,5
3433,nuclear,5
404,públicas,4
1576,debates,4
3092,organização,4
3028,antigos,4
1248,fica,4
821,auxílio,4
3451,publicou,4
3447,participou,4
1807,paulista,4
403,universidades,4
1782,estadual,4
1515,retirar,4
3441,família,4
1596,cargos,4
3443,incentivaram,4
3444,graduar,4
816,afinal,4
196,decidido,4
3456,cnpq,4
3470,cambridge,4
2244,deste,4
226,aviso,4
3462,10157,4
2961,direta,4
150,metrô,4
2964,adalberto,4
1843,mensagem,4
2987,maio,4
803,tenho,4
941,tanto,4
237,condições,4
421,canal,4
3461,56_instance_a6mo,4
3460,journal_content,4
3015,puderam,4
1505,colocar,4
3459,pioneiras,4
3458,guest,4
834,fiquem,4
3018,inscrever,4
3601,questões,4
1747,recursos,4
3111,apuração,4
1614,bacharelado,4
1716,promover,4
1711,cooperação,4
1114,tcham,4
3245,maiores,4
4544,discutido,4
1680,técnicas,4
3393,decidimos,4
3376,oficinas,4
3273,assédio,4
1645,horas,4
3301,burocracia,4
1668,postaremos,4
3362,assistência,4
317,grupos,4
1130,científica,4
1125,teatro,4
904,dado,4
309,fundamental,4
3313,periferia,4
280,cartazes,4
343,novos,4
793,posição,4
3155,especial,4
1109,atrações,4
1128,externa,4
954,descaso,4
1740,educacional,4
1739,desenvolvimento,4
1738,resultados,4
3431,nucleares,4
1538,eram,4
852,organizando,4
1185,órgão,4
3164,gasto,4
1626,construir,4
3179,inicialmente,4
857,pouco,4
3430,emulsões,4
3180,introdução,4
863,ficar,4
3529,tapa,4
78,profissional,4
1095,edusp,4
2932,feiras,4
2427,sociais,4
693,ressaltar,4
3805,novembro,4
695,fechamento,4
696,prefeitura,4
129,exposições,4
1466,falamos,4
700,absurdo,4
105,brasileiras,4
2455,trabalhos,4
2456,perspectivas,4
2046,seguir,4
2457,aprendizagem,4
2500,acadêmicos,4
1475,própria,4
2506,movimentos,4
791,sabe,4
2032,moral,4
2512,politica,4
1353,vezes,4
2017,sentido,4
2006,tinha,4
2518,completa,4
1348,alguma,4
134,produção,4
3751,nunca,4
2080,relato,4
1462,assistente,4
1992,repressão,4
2425,reflexões,4
2258,alexandre,4
645,institutos,4
3941,palquinhos,4
626,serem,4
2279,domingo,4
1416,população,4
2198,guerra,4
2301,disposição,4
1436,sabemos,4
112,neste,4
2331,venha,4
3861,emygdio,4
2355,ameaça,4
2368,entender,4
1391,nesta,4
670,utilização,4
591,engenharia,4
1445,informamos,4
2146,mostra,4
126,qualidade,4
2140,meses,4
2416,puder,4
4037,mãos,4
3846,posse,4
687,conforme,4
1993,policial,4
2033,fumaça,4
729,pais,4
1911,aceitar,4
1086,editoras,4
1327,ambiental,4
1875,doar,4
2793,devolução,4
1950,disponível,4
1002,convite,4
1936,renda,4
1292,cidade,4
1266,organizadora,4
2653,ponto,4
2655,piada,4
1907,existe,4
489,acervo,4
1902,conseguir,4
491,infraestrutura,4
2742,preconceito,4
778,organizadas,4
2831,poucas,4
2907,pequena,4
2613,últimos,4
2563,cherateria,4
2878,libertação,4
788,tema,4
1495,demanda,4
2594,nogueira,4
1987,ocorreu,4
1849,calouros,4
465,exemplo,4
1090,letras,4
1981,governo,4
2608,alunxs,4
1331,fato,4
1979,conjunto,4
1279,faleceu,3
1437,dará,3
1189,realizará,3
1386,redação,3
1571,democracia,3
1439,16h30,3
1428,pedidos,3
1164,brincadeira,3
1510,sugerimos,3
1390,apresentou,3
1493,suficiente,3
1170,crise,3
1438,alunas,3
4394,tomar,3
1195,hora,3
1404,html,3
1267,espetáculo,3
1511,fossem,3
1385,concluir,3
1254,racial,3
1523,verdade,3
1341,curricular,3
1228,região,3
1537,queria,3
1360,responsabilidade,3
4408,transparência,3
4502,temporários,3
1553,democrático,3
1536,impressões,3
1477,aprovado,3
1530,provavelmente,3
4398,golpe,3
1556,amamos,3
4427,verba,3
1528,tornar,3
1232,visa,3
1199,possamos,3
1561,acontece,3
1219,consciência,3
1471,tenha,3
1325,diciplina,3
4575,sorteado,3
1214,colegiados,3
4390,__mref,3
1520,seriam,3
1297,blocos,3
1213,representação,3
1567,compor,3
4453,menor,3
4391,message_bubble,3
1514,antigas,3
1418,enviar,3
2078,edifícios,3
1583,possuem,3
2891,direção,3
2699,homem,3
2730,afirmando,3
2751,explicar,3
2755,classe,3
2782,pedido,3
2840,simplesmente,3
2841,resistência,3
2871,estaremos,3
2876,punição,3
2896,realizou,3
2403,pagar,3
2905,aceitou,3
2930,word,3
2945,semanas,3
2965,fazzio,3
2992,envolver,3
3039,autorização,3
3045,tais,3
3057,costa,3
3065,acontecer,3
2698,quatro,3
2695,teria,3
2692,previamente,3
2644,preciso,3
2409,ficará,3
2413,passarão,3
2439,lutas,3
2440,recentemente,3
2442,interesse,3
3803,revirada,3
2463,criminalizar,3
2480,estes,3
3755,resistindo,3
2517,soma,3
2520,restante,3
2555,fazia,3
2557,direitos,3
3742,falando,3
2631,reclamações,3
2632,postagem,3
2634,tinder,3
3735,conseguimos,3
3708,ocupar,3
3066,definir,3
3075,diante,3
3615,tarde,3
3356,circulares,3
3360,cortadas,3
3373,continuar,3
3387,schenberg,3
3502,hamburger,3
3396,seguindo,3
3501,império,3
3500,amélia,3
3399,físicas,3
3400,descrição,3
3402,condição,3
3403,decidida,3
3424,interessante,3
3494,vestibular,3
3434,biologia,3
3440,carreira,3
3491,teve,3
3490,laboratório,3
3489,manutenção,3
3464,1923,3
3359,ônibus,3
3348,combate,3
3117,vontade,3
3316,2011,3
3118,email,3
3554,fuvest,3
3532,maxwell,3
3531,demônios,3
3137,agradeço,3
3143,contribuir,3
3171,dêem,3
3213,científicas,3
3231,desmonte,3
3259,aquelas,3
3262,auto,3
3267,visibilidade,3
3272,chega,3
3286,estupradores,3
3515,professora,3
3507,mestrado,3
3304,nada,3
3305,prestar,3
3309,abandonar,3
2406,dinheiro,3
2395,interessados,3
1586,dever,3
1791,assembléia,3
4282,uspinova,3
1736,orientações,3
1737,materiais,3
1749,diretamente,3
1751,construção,3
1756,didático,3
1759,ideias,3
1764,docente,3
1766,profis,3
1802,colaboração,3
3848,reorganização,3
4252,moradia,3
1820,arrombamento,3
1822,arrombados,3
1837,começou,3
1842,mande,3
4242,agressores,3
1848,calouras,3
1852,organizaram,3
1853,novamente,3
1722,universitários,3
4283,reviravolta,3
1718,aperfeiçoamento,3
4286,levante,3
1591,completo,3
1597,discente,3
1598,eleger,3
4373,candidatas,3
1616,vídeo,3
4324,alugueis,3
1624,pertinentes,3
1628,mostrar,3
1633,voltar,3
1638,somos,3
4309,aluguel,3
4306,islã,3
1652,terá,3
1664,lembrem,3
4305,logo,3
4299,isis,3
1678,usada,3
1681,fazem,3
4287,lute,3
1856,dúvida,3
1861,dúvidas,3
1883,haveria,3
2186,combater,3
2206,secundas,3
2208,lutar,3
2211,juventude,3
2214,parar,3
2215,mexeu,3
3882,rede,3
2234,médico,3
2237,estará,3
2274,bairro,3
3875,crafts,3
2292,iluminação,3
2297,escolher,3
2306,open,3
2327,contato,3
2329,fico,3
2336,entidade,3
2354,discutimos,3
2374,assunto,3
2378,sofrendo,3
2187,atuação,3
4005,força,3
1886,noturno,3
2149,truculenta,3
4123,conosco,3
1946,real,3
4096,quântica,3
1958,gmail,3
1968,ajudem,3
1991,ocorrido,3
1995,saísse,3
2030,bombas,3
2038,tentaram,3
2041,evitar,3
4095,teoria,3
2069,causa,3
2071,deles,3
4065,ribeiro,3
2108,ninguém,3
2112,canto,3
2144,abuso,3
2147,completamente,3
4033,prática,3
2356,aluguéis,3
2422,bourdieu,3
530,funcionárias,3
68,educativas,3
1075,1604646559789648,3
851,gostaríamos,3
482,menores,3
166,viewform,3
121,realidade,3
411,juntamente,3
848,encontrar,3
847,difícil,3
274,apesar,3
407,especificamente,3
843,precisando,3
400,ocorrerão,3
565,fique,3
563,faremos,3
714,trabalhadores,3
1017,filme,3
278,repúdio,3
281,madrugada,3
282,sábado,3
125,importância,3
495,editora,3
1015,receber,3
497,didáticos,3
732,terem,3
740,explicando,3
559,algo,3
742,petição,3
688,deliberado,3
929,colégios,3
20,decisões,3
443,deverá,3
635,ideia,3
638,discussões,3
1060,imagem,3
111,educador,3
198,piquete,3
890,ingresso,3
1049,software,3
654,principais,3
218,contando,3
655,posicionamentos,3
657,compartilhar,3
613,lugares,3
916,necessárias,3
864,banco,3
1069,especialmente,3
660,esclarecer,3
919,acreditamos,3
114,oportunidade,3
169,orgulho,3
921,haver,3
602,vidros,3
470,querem,3
232,estarem,3
581,somente,3
579,conversas,3
869,ficarão,3
30,tentativa,3
566,olho,3
74,panorama,3
69,ampliação,3
1149,chamar,3
782,estou,3
323,lhes,3
1144,continuem,3
130,contará,3
774,funcionamento,3
751,fechar,3
509,maria,3
814,pensar,3
983,sejam,3
355,incentivo,3
1134,comunicação,3
340,desses,3
307,ação,3
517,gerais,3
71,públicos,3
312,expressão,3
313,posicionamento,3
524,necessidades,3
320,lutando,3
366,bandejões,3
371,1417212935256157,3
324,diariamente,3
360,contratação,3
746,chegou,3
797,psicologia,3
1121,extra,3
302,imagens,3
2375,decidir,2
2566,seletiva,2
2385,reintegração,2
2262,secrett,2
2369,barrar,2
2261,relações,2
2379,ataques,2
3914,visintin,2
2384,contratações,2
2397,moletons,2
2386,sede,2
2394,convidem,2
2399,preencher,2
2564,campeã,2
4012,aceita,2
2402,entregues,2
2589,turno,2
589,enviará,2
2591,irregularidades,2
3928,recepção,2
3984,sucateamento,2
2587,possa,2
2583,método,2
2578,scale,2
2296,locação,2
3982,necessários,2
2309,bebidas,2
2291,estrutura,2
2322,contratos,2
2326,meus,2
616,silêncio,2
2284,utilizando,2
3993,limite,2
3893,distantes,2
3779,estas,2
2335,whatsapp,2
2347,atenciosamente,2
3781,cartas,2
2278,eventos,2
3995,salário,2
609,silenciosos,2
3786,entrega,2
2360,autonomia,2
2567,balatucada,2
554,reivindicações,2
2421,pierre,2
538,atrás,2
3790,galáxias,2
3859,butantã,2
2538,comprar,2
562,ocorrendo,2
3856,cara,2
2532,definido,2
2465,ditadura,2
2466,passada,2
2470,santos,2
3851,sofrimento,2
2529,confirmado,2
2477,receberam,2
2527,funcionário,2
3843,medicina,2
2524,1678924955669076,2
2487,alta,2
3842,15h30,2
2523,sindicais,2
2490,impedindo,2
2497,eleitos,2
2522,movimentações,2
2513,rodas,2
2514,novidade,2
2521,consequente,2
2519,disparidade,2
2515,afeta,2
2540,máquina,2
128,visitar,2
4013,exige,2
3872,higiene,2
2516,branco,2
3883,ingressar,2
115,analisar,2
3792,grandes,2
119,recentes,2
577,regras,2
576,avisos,2
539,demandas,2
575,renovar,2
3797,chagas,2
3873,limpeza,2
2437,políticas,2
2547,agressão,2
574,reforçar,2
3869,vigília,2
570,lembrar,2
3868,tiver,2
2446,jornada,2
2447,reunir,2
3864,diretora,2
2550,arredores,2
2451,aproximação,2
3863,ocupada,2
3862,barros,2
2253,rolando,2
1155,colem,2
4020,fomentar,2
1980,haddad,2
2000,lados,2
728,mães,2
4189,tiveram,2
731,trabalham,2
1988,cidades,2
1985,passagem,2
1974,praça,2
2242,oliveira,2
95,culturais,2
1965,abertas,2
4202,edital,2
4206,bicicletas,2
1956,procurem,2
1954,reuniões,2
723,ameaçadas,2
722,sabendo,2
720,juntos,2
4179,antecedem,2
2011,início,2
2014,impedido,2
2019,tinham,2
717,ocorre,2
4162,identidade,2
715,restaurante,2
4159,contamos,2
4156,farmacêuticas,2
2040,calma,2
4153,bioquímica,2
2042,machucasse,2
4152,farmácia,2
2044,escapar,2
1953,adicionais,2
1952,atualizado,2
1947,encontra,2
1898,aprovação,2
4284,morte,2
798,fizeram,2
787,incluir,2
1851,veteranas,2
4275,leme,2
783,participando,2
4274,vannucchi,2
1857,matérias,2
1871,críticas,2
1876,usar,2
88,significativa,2
1890,absolutamente,2
1891,condução,2
761,professoras,2
1905,crusp,2
1945,chance,2
755,cujo,2
1913,quaisquer,2
1918,inbox,2
1920,voluntários,2
1924,dele,2
4224,pena,2
1927,independente,2
1932,apoios,2
1934,aumentar,2
1937,superior,2
1938,mantendo,2
1939,crítica,2
1942,modelo,2
4213,ciclistas,2
2047,consolação,2
2050,fechou,2
2052,impedir,2
4054,conseguiu,2
2153,governos,2
2154,mostram,2
4077,jorge,2
2160,aparato,2
2161,intimidar,2
2164,baixo,2
2166,protagonizou,2
662,fatos,2
106,quais,2
2175,pobre,2
2176,majoritariamente,2
2593,escolhido,2
4060,sugeridos,2
2182,municipal,2
4053,melhores,2
673,matriculado,2
2190,fotos,2
2193,silva,2
653,rolar,2
2201,covardemente,2
2202,ruas,2
2205,fascista,2
2209,resistem,2
2213,recuar,2
643,propor,2
641,dificuldades,2
333,opressora,2
639,nesses,2
2225,abraão,2
2239,gerson,2
666,aberto,2
675,consideradas,2
2053,saíssem,2
689,ficou,2
2057,balas,2
2058,borracha,2
2062,vinham,2
2063,trás,2
2064,viram,2
2065,literalmente,2
4136,desenvolver,2
698,proximidade,2
691,divulgar,2
4124,makers,2
2090,tiro,2
2098,ouvir,2
2101,estilhaços,2
2107,querer,2
2109,costas,2
676,individuais,2
2113,naquela,2
4098,almoço,2
2120,borrachada,2
2121,relatos,2
2123,disseram,2
102,conhecemos,2
679,compartilhe,2
2134,agressões,2
2136,físico,2
678,renovada,2
2141,acabou,2
2142,perdendo,2
677,podendo,2
2145,episódio,2
2178,17h00,2
508,thandryus,2
3769,olhada,2
252,causados,2
3438,época,2
3439,considerada,2
3030,relatório,2
257,tomando,2
3442,apoiaram,2
255,financeiros,2
3445,1942,2
3437,ginásio,2
3022,adiada,2
3021,atuais,2
3446,ufrj,2
3448,desinteresse,2
3017,dupla,2
3016,inscreveu,2
3033,seguranças,2
3436,elementares,2
3014,divulgaremos,2
405,privadas,2
391,irmos,2
399,informes,2
3062,matéria,2
3418,seguem,2
3419,reunidos,2
3058,marques,2
3054,vice,2
3435,partículas,2
3052,assume,2
3048,solicitado,2
3427,1921,2
3428,introduziu,2
3429,técnica,2
3432,aplicou,2
417,amplo,2
3449,fundadoras,2
132,palestras,2
3479,pneumonia,2
3475,contratada,2
3476,gleb,2
3477,wataghin,2
435,230283400480149,2
3478,poucos,2
2970,realizada,2
3480,físicos,2
3473,doutoramento,2
3481,conheceram,2
3482,afirmam,2
3483,brilhante,2
2962,renúncia,2
446,informando,2
2960,unidades,2
3474,retornou,2
3472,society,2
3012,votar,2
2998,balizar,2
245,bandeijão,2
3008,comunidades,2
240,filas,2
3453,aposentada,2
3005,alimentos,2
3455,pesquisava,2
2996,processos,2
2986,colégio,2
3465,1948,2
3466,incentivada,2
2991,desejo,2
3468,dela,2
3469,doutorado,2
3471,philosophical,2
3069,oficial,2
3409,clareza,2
3408,terceira,2
3324,programas,2
3307,punir,2
3310,cobramos,2
3198,doações,2
3315,convênio,2
3190,disponibilidade,2
3322,vida,2
3332,imperialismo,2
3299,manual,2
3173,encontros,2
356,demissão,2
3169,referentes,2
3335,trabalhadoras,2
357,voluntária,2
3159,ausência,2
3300,estuprar,2
3297,astolfo,2
3076,disto,2
3283,continua,2
3261,gravar,2
3263,plenária,2
3266,protagonismo,2
3238,convidados,2
3237,estarão,2
3281,tona,2
3285,estupros,2
3215,negras,2
3228,unidade,2
3289,racista,2
3221,conjuntura,2
3219,fórum,2
3293,vitória,2
3295,blog,2
358,pidv,2
3347,responsabilização,2
3352,resolver,2
3395,daria,2
3098,discutidas,2
3390,escolhêssemos,2
3391,levamos,2
3392,nela,2
3093,participe,2
3394,imediatamente,2
3090,esteja,2
3355,campi,2
291,lgbt,2
3397,proceder,2
3084,métodos,2
3404,compilação,2
3406,oficialização,2
3407,identificar,2
3388,alessando,2
3100,comissaoeleitoralif,2
378,divulgando,2
3386,mário,2
3104,confirmem,2
3385,basílio,2
3384,oscar,2
3383,nomeássemos,2
3108,urnas,2
3382,sugeriram,2
3110,21h30,2
376,tirado,2
3381,cuidados,2
3380,nomeação,2
3130,cumprir,2
3139,ações,2
359,congelamento,2
3485,neusa,2
3486,amato,2
447,envolvidos,2
493,material,2
2746,misoginia,2
3657,exercer,2
2737,única,2
3663,caráter,2
492,chapelaria,2
3664,elitista,2
2728,relatando,2
2757,deveriam,2
2727,meninas,2
494,escolar,2
3673,type,2
3674,theater,2
2715,feminino,2
2711,reais,2
3644,irresponsabilidade,2
3643,desrespeito,2
2805,lógica,2
3626,unesp,2
483,preços,2
3616,noite,2
3617,filmar,2
2787,ingressos,2
3624,documentação,2
2778,procurar,2
3629,endereço,2
2759,obrigado,2
2771,inserida,2
2768,procurando,2
152,investimento,2
2765,afirmou,2
2762,abismo,2
2760,agradar,2
3681,bridge,2
2707,intenção,2
2703,alegou,2
133,práticas,2
2647,conteúdo,2
2643,discriminação,2
511,gustavo,2
2626,profunda,2
135,individual,2
3753,basta,2
3757,bife,2
2700,rapaz,2
519,cimifusp,2
2614,envolvendo,2
2612,esclarecimento,2
3761,apadrinhar,2
3763,natal,2
2602,portal,2
3731,mobilizaram,2
76,educativos,2
3730,ameaçar,2
507,cipolla,2
506,mariana,2
3722,14h30,2
2665,posicionar,2
3719,cronograma,2
2667,postura,2
2668,combativa,2
2669,visando,2
2674,permitir,2
3710,disseminação,2
2687,notícia,2
2688,reconhecendo,2
500,colocaremos,2
2697,contou,2
2803,tentou,2
3600,acordo,2
2956,apresentado,2
3512,review,2
3509,autora,2
455,organizarmos,2
458,possibilidades,2
3510,publicado,2
2926,estaduais,2
3511,physical,2
3513,letters,2
3508,pittsburgh,2
3514,tornou,2
2920,anterior,2
2917,icms,2
2915,repasse,2
3516,graduado,2
3517,dedicou,2
2931,sextas,2
192,gostaria,2
2817,dentre,2
3497,césar,2
3487,1926,2
3488,contribuidora,2
208,opiniões,2
3493,colegial,2
3495,posteriormente,2
3496,convidada,2
3498,lattes,2
3506,obteve,2
202,passarela,2
2941,sharing,2
199,continuam,2
3503,1932,2
3504,formou,2
3505,bacharel,2
3518,epistemologia,2
3519,organizou,2
186,carteirinha,2
2833,atacada,2
3555,cumpre,2
3559,agradecemos,2
2852,precisam,2
3572,computação,2
2837,gênero,2
3582,chegando,2
2832,exagero,2
3521,membra,2
480,disciplinas,2
2826,atenção,2
3589,time,2
2822,cunho,2
481,internet,2
2819,comentários,2
2864,genocida,2
3551,notas,2
2872,enfrentamento,2
3545,levantamento,2
2889,reiteramos,2
2890,carinho,2
463,cobra,2
171,bateria,2
2898,assinaturas,2
2899,raciais,2
178,zanetic,2
185,tragam,2
3526,sbhc,2
3525,sbpc,2
3524,organizações,2
3522,fundadora,2
2908,negro,2
1841,queira,2
3260,tentaremos,2
1350,geralmente,2
959,possíveis,2
924,oriundos,2
1231,convocamos,2
1108,contar,2
4343,equipamentos,2
1107,novidades,2
35,estacionamento,2
4381,souber,2
842,bonita,2
4345,renato,2
1746,estimular,2
1745,mini,2
1074,informado,2
1612,matriculados,2
1321,trajetória,2
963,dada,2
1103,átomo,2
961,aplicação,2
1741,diretrizes,2
845,medula,2
1672,aprofundando,2
1673,1960,2
1611,estejam,2
4413,melhorar,2
850,compatível,2
887,bastante,2
1247,perfil,2
1735,disponíveis,2
1675,rizzutto,2
1733,apresentando,2
4599,lacrado,2
839,conte,2
1227,populares,2
1659,especiais,2
1351,considerado,2
1768,matão,2
1552,voto,2
1476,entanto,2
835,ligades,2
1013,acontecimentos,2
1349,série,2
1014,acabamos,2
4622,nascimento,2
1763,preparação,2
4410,alimentação,2
1761,diferencial,2
1346,sequer,2
4336,fonte,2
1226,cursinhos,2
1342,religioso,2
1468,alterar,2
1467,burocracias,2
1068,feitas,2
1016,confirmação,2
1757,pedagógico,2
1559,banquinhos,2
1115,convidado,2
1339,introduzir,2
1338,propondo,2
1337,básica,2
894,fala,2
1336,currículo,2
1732,continuada,2
956,logística,2
4683,constrangimento,2
1251,esquerda,2
1276,consolidação,2
1687,alves,2
1306,próprio,2
1277,frentes,2
1305,poemas,2
4360,controle,2
1689,triângulo,2
1713,investigação,2
1712,inovação,2
1444,wifi,2
1282,teatrais,2
1283,brasileiros,2
4637,müssnich,2
1690,mineiro,2
4635,lucas,2
4633,zeca,2
4420,atacá,2
930,expondo,2
1303,poesia,2
1709,recebemos,2
1023,livro,2
4363,institucional,2
1692,exatas,2
875,avise,2
1694,arqueológica,2
4366,interesses,2
4538,emoticons,2
4621,bruna,2
873,estiver,2
1604,representar,2
1686,angelina,2
1020,clube,2
1019,cine,2
1677,arqueometria,2
4525,cogitado,2
1435,perguntando,2
1255,sarau,2
1256,fome,2
1315,versão,2
885,ameaças,2
953,inclusão,2
1729,educadores,2
1258,comer,2
1312,canção,2
1451,motivo,2
1682,essencial,2
944,negros,2
1273,solano,2
1607,envolvam,2
4647,araujo,2
1584,privilégio,2
4431,veja,2
4645,suplente,2
1308,costumava,2
1725,oferece,2
4428,cola,2
32,bicicleta,2
1272,cultural,2
1723,profís,2
853,simples,2
1721,médio,2
1218,núcleo,2
1473,conduzir,2
4409,gastos,2
1188,trata,2
917,democrática,2
1179,coração,2
813,tentando,2
1400,globo,2
819,filhos,2
44,levou,2
907,gostariam,2
1184,permanente,2
820,jogo,2
73,conteúdos,2
1527,velha,2
1392,preliminar,2
1054,linux,2
4395,assalto,2
969,utilizar,2
1191,intervenção,2
1646,geografia,2
1627,esperamos,2
4308,perder,2
1056,deixem,2
1138,trilogia,2
1625,incorporar,2
1532,alas,2
1809,carmem,2
1486,reforma,2
1383,obrigadas,2
980,caminho,2
1402,noticia,2
4561,coruja,2
1047,gubitoso,2
1157,fita,2
1040,corredor,2
913,organizada,2
1832,lacrados,2
1509,lousa,2
1632,burocratas,2
1417,poderá,2
1035,demorou,2
809,pertinente,2
990,único,2
1826,divulgado,2
1512,colocadas,2
1045,marco,2
1046,dimas,2
4403,diretório,2
1408,mudanças,2
4714,cesta,2
4401,perguntas,2
1498,2013,2
910,incapazes,2
4482,aceitando,2
1034,graça,2
4560,morro,2
1494,atender,2
4302,marcus,2
977,adesão,2
1811,feusp,2
874,interessado,2
1356,deveria,2
831,nível,2
825,preço,2
1479,ganhar,2
1541,motivos,2
65,chamada,2
1210,912623465451700,2
4325,informou,2
42,impediu,2
1483,antiga,2
1062,convidando,2
1362,detalhado,2
4689,mercado,2
1793,alesp,2
1129,ficção,2
1654,obras,2
4588,desocupe,2
1545,continuarão,2
826,permite,2
1009,canais,2
922,reserva,2
1422,digital,2
4321,show,2
4583,desocupado,2
1208,longo,2
1539,realmente,2
4690,desafios,2
1780,index,2
1800,apoiar,2
895,elaborada,2
4467,idade,2
1801,associação,2
1799,conhecer,2
1211,inscrevam,2
4556,alcoólica,1
4555,bebida,1
3557,mantidos,1
3550,fornecendo,1
3549,solicitamos,1
3558,sigilosos,1
3584,comemorar,1
4548,levantados,1
4539,fofos,1
3606,acabar,1
4547,melhorias,1
3552,comparar,1
4550,caneta,1
3608,concordem,1
3607,climão,1
3556,salientar,1
4549,melhoria,1
3553,desempenhos,1
3587,acompanhamos,1
4552,pediremos,1
3583,junina,1
3585,temática,1
168,true,1
3586,entretanto,1
3574,foco,1
3605,conversar,1
3570,webform,1
3593,sugerido,1
3580,quartas,1
3566,jupiterweb,1
3567,acompanhamentos,1
3592,alegavam,1
3579,segundas,1
4543,tiverem,1
4541,desativação,1
3560,consultar,1
3578,compilar,1
3577,mexer,1
4542,pronto,1
3571,sobe,1
3591,notificada,1
4553,dificuldade,1
3576,instalar,1
3565,acessando,1
4554,comercialização,1
3594,optasse,1
3564,classificação,1
3604,alegre,1
3588,desentendimentos,1
3603,ouvidxs,1
3573,mac0115,1
3602,apropriação,1
4546,liberar,1
3561,sistemasenem2,1
167,edit_requested,1
4540,futura,1
3599,entendidos,1
3590,rugby,1
3598,restaram,1
3562,inep,1
3595,administrar,1
3563,resultadosenem,1
3581,posativavozativa,1
3641,passou,1
3609,entendam,1
4509,alicerce,1
141,datas,1
3702,começando,1
3703,extraordinária,1
3704,rediscutidos,1
3705,moção,1
140,reserve,1
3711,vera,1
3712,bohomoletz,1
3713,antônio,1
3714,figueiredo,1
4508,obedecer,1
3715,nestor,1
3716,caticha,1
3717,cristiano,1
3718,mattos,1
3699,congressoplf,1
4510,arrocho,1
3680,chauí,1
3697,ferreira,1
3682,principiantes,1
3684,club,1
3685,gratuito,1
3687,apartamento,1
4512,remunerados,1
3688,dorms,1
3689,ótimo,1
3690,anunciá,1
3691,grato,1
4511,salarial,1
3692,eduardo,1
3693,dificulta,1
3694,chegada,1
3695,informaremos,1
3696,leal,1
4507,fapesp,1
4506,bolsa,1
4505,recebem,1
4504,1800,1
3734,questionário,1
139,certificado,1
4496,entrassem,1
3736,voltem,1
3737,defender,1
3738,aquilo,1
3739,esquema,1
3740,vazou,1
3741,áudio,1
138,obtenção,1
3743,declarar,1
4495,abrisse,1
137,pares,1
3745,usando,1
3746,boatos,1
3733,respondam,1
4497,dependem,1
3732,mobilizada,1
3725,redonda,1
4503,pagando,1
3720,esperava,1
3721,vive,1
22,representem,1
3723,17h30,1
3724,19h30,1
3726,convidadas,1
4498,talvez,1
3727,deveres,1
3728,carinhosamente,1
3729,sindicâncias,1
4501,contratar,1
4500,abrirem,1
4499,tenham,1
4513,constituição,1
4514,inflação,1
3610,respeitem,1
3628,18h30,1
3633,andar,1
3634,gratuitas,1
3635,sandra,1
3636,ssantos,1
3637,cedem,1
4530,nega,1
3639,percam,1
4529,gastou,1
151,sumaré,1
3547,sisu,1
4528,acreditar,1
3642,tamanho,1
4527,auditoria,1
4526,contas,1
4524,serve,1
4531,conceder,1
4532,tantas,1
3679,marilena,1
4533,falaremos,1
3611,conveniente,1
3612,muitxs,1
4537,faltaram,1
3613,razoável,1
3614,conciliar,1
4536,auxílios,1
4535,recapitular,1
4534,ficamos,1
165,1mnsrsgaj81ajlezykzb2g0b4cfmovrqe46hdmwjdsde,1
3619,acompanhe,1
3620,channel,1
3621,ucfzh77ttbt9lc5ffpvlqelg,1
3622,mario,1
3623,cientista,1
3625,memória,1
4523,conviveu,1
3645,colaboradores,1
3646,sábados,1
148,azul,1
4518,zoologia,1
4517,privatização,1
3665,excludente,1
3666,soltamos,1
3667,infos,1
3668,photo,1
3669,fbid,1
3670,1005477439463694,1
4516,somado,1
3672,440697006094380,1
4515,administrativos,1
3675,notif_t,1
3676,page_wall,1
3677,poderiam,1
3678,gentileza,1
4519,respectivas,1
3662,reforça,1
4520,áreas,1
4522,confiança,1
3648,apropuc,1
3649,gentilmente,1
3650,abriu,1
3651,detalhe,1
3652,incluve,1
3653,portarias,1
3654,expresso,1
3661,avisados,1
3655,dito,1
3656,permissão,1
4521,somados,1
3658,deixamos,1
3659,imensa,1
3660,indignação,1
3548,razão,1
4290,segurem,1
3546,eventual,1
3358,linhas,1
3353,atacam,1
3354,envolva,1
4685,elaborar,1
4684,planejamos,1
4682,pautem,1
3357,noturnos,1
300,gravado,1
3350,contrária,1
299,roubados,1
3361,referência,1
298,pixados,1
3363,médica,1
3364,psicológica,1
4681,proporemos,1
3351,invés,1
3349,marcaremos,1
3333,utiliza,1
3339,desprezível,1
4688,recorrente,1
4687,ocorrência,1
305,fortemente,1
3337,deliberaram,1
3338,endereçadas,1
4686,eficiente,1
3340,blogueiro,1
304,repudiamos,1
3341,menina,1
3342,exigência,1
3343,posicione,1
3344,ponha,1
3345,institucionalizado,1
3346,efetivas,1
3365,jurídica,1
3366,efetivo,1
3367,treinamento,1
4667,igor,1
295,rasgados,1
4672,relevantes,1
4671,aguero,1
4670,fioretto,1
4669,natasha,1
4668,konieczniak,1
4666,experimental,1
3368,adequado,1
294,indiscriminadamente,1
4665,campopiano,1
4664,flávio,1
4663,mecânica,1
4662,arcinegas,1
4661,gonzález,1
4673,ocorridos,1
4674,delyra,1
4675,recomendamos,1
4676,ouvidoria,1
4677,bach,1
4678,reclamação,1
3379,fortes,1
3378,sairmos,1
3377,concentraremos,1
296,derrubados,1
3374,construindo,1
297,pisoteados,1
3372,vozes,1
4680,marcar,1
3371,somar,1
3370,prevenção,1
3369,guarda,1
3334,superexplorar,1
4691,palestrante,1
4557,judiciais,1
4711,prévia,1
3279,esquecidos,1
3280,vindo,1
3282,frequência,1
4713,qljfvod8y8,1
3284,conivente,1
4712,1prv2tpyjyrhpvrmyq0luytsszjwhhm9ddddvubhqcza,1
4710,divulgou,1
4715,rodman,1
3287,penalizando,1
3288,respostas,1
4709,jantar,1
3290,respondem,1
4708,11377,1
3292,2014,1
3278,ficavam,1
4716,ganhadores,1
3331,agentes,1
3268,passam,1
331,manifestarem,1
4719,chegarem,1
3264,votou,1
3265,destacar,1
4718,dividir,1
329,defendemos,1
3269,temem,1
3277,conquistada,1
327,intituto,1
3271,manifesto,1
325,negados,1
4717,prêmio,1
3274,param,1
3275,aparecer,1
4707,9805,1
4706,download,1
3294,veio,1
3321,cerceiem,1
4696,franca,1
4695,humanos,1
3317,diminuíram,1
3318,aumentaram,1
3319,tampouco,1
3320,aceitaremos,1
4694,pesquisadora,1
4705,article,1
3323,apoiaremos,1
4693,peticov,1
3327,escamotear,1
4692,glaucimar,1
3328,tirando,1
3329,perspectiva,1
3314,alvos,1
308,acreditarmos,1
3312,significa,1
3311,assuma,1
4697,transmissão,1
4698,iptv,1
3308,punidas,1
3306,suporte,1
4699,carissimes,1
318,minoritários,1
3303,naturalizada,1
3302,pronuncia,1
4700,sairam,1
4701,eleicoes,1
4702,freire,1
3298,publica,1
4703,revistas,1
289,libra,1
4660,andrés,1
4659,carlos,1
4589,donos,1
210,comando,1
4494,imaginem,1
206,expor,1
4593,contatem,1
4592,ocupados,1
4590,ocupá,1
3499,902836,1
4594,peçam,1
4587,permanecido,1
4586,desocupem,1
4585,arrombemos,1
4584,contate,1
4582,ocupavam,1
4581,avisando,1
211,comandodegreveif,1
4595,deslacrado,1
3401,atenham,1
4604,pleno,1
4611,sugiram,1
4610,psíquico,1
4609,opressões,1
4607,iavelberg,1
4606,iara,1
4605,caii,1
4603,média,1
4596,anotado,1
4602,arrombado,1
4601,senão,1
4600,avisarem,1
4598,peguem,1
3484,902653,1
4597,pertence,1
4580,porta,1
4579,bilhete,1
4578,apossar,1
3537,gravados,1
4559,continuação,1
4558,poderiamos,1
3533,intuitos,1
3534,vantagens,1
3535,gravação,1
3536,pedaços,1
3538,aproximadamente,1
4577,compareça,1
3539,zgyyjx7qp0c,1
3540,hlc3ry1tvj0,1
3541,x4wshirtieq,1
3542,colaborem,1
3543,solicitou,1
3544,faça,1
3530,idealizada,1
3527,1144403,1
4562,concluimos,1
4563,complicado,1
4564,dependeriamos,1
4565,abstenções,1
4567,pesquisas,1
4568,reajuste,1
4569,falado,1
4570,considerados,1
4571,fila,1
4572,escrever,1
190,1084825094909298,1
4573,julio,1
4574,perguntado,1
19,tomarmos,1
4576,asterisco,1
219,cerca,1
4612,ipusp,1
4613,estruturais,1
3421,homenageadas,1
4651,vinicius,1
4650,itaboraí,1
4649,vitor,1
4648,lima,1
3420,escolhendo,1
4646,caique,1
3422,comentário,1
273,volume,1
4644,leopoldo,1
3423,colocando,1
4643,mendes,1
276,contratados,1
275,diminuição,1
4642,walter,1
4652,lemes,1
3417,damos,1
3416,legítimo,1
4653,henrique,1
3415,torne,1
3414,refiram,1
4654,josé,1
3413,reconheçam,1
3412,dessas,1
3411,correremos,1
3410,oficialmente,1
4655,correia,1
4656,zanoli,1
4657,fernanda,1
3405,divulgada,1
4658,resende,1
279,depredação,1
4641,fontes,1
268,pracarização,1
4614,faculdades,1
236,péssimas,1
4620,cartaz,1
247,manifestaram,1
4619,concorrer,1
4618,beijoooooooooos,1
4617,venhaaaaaaaaam,1
238,bandejaço,1
234,trabalhando,1
263,bandeijões,1
233,sobrecarregados,1
4616,genteeeeeeeeee,1
229,funcionarão,1
4615,abertamente,1
3463,903150,1
222,delibera,1
4623,leonardo,1
4624,bitencourt,1
4625,vetritti,1
4626,luísa,1
250,relacionados,1
4627,gomes,1
4628,buzzo,1
4629,afeche,1
4630,renata,1
4631,biaggi,1
4632,biazzi,1
4634,carvalho,1
261,rechaçada,1
4638,domeneguetti,1
4639,daniel,1
4640,trugillo,1
262,superlotação,1
3747,táticas,1
4469,atacando,1
3748,desmoralizar,1
4356,propôs,1
4104,thiago,1
4105,hartz,1
4106,reinaldo,1
4107,melo,1
4108,souza,1
4109,repensando,1
4110,causalidade,1
4355,garantiu,1
4111,reação,1
4112,radiação,1
4113,roseny,1
4114,lisboa,1
4115,concepções,1
4116,filosóficas,1
4117,visões,1
4103,índia,1
4357,utilizada,1
4362,maneiras,1
4102,nyaya,1
4088,natureza,1
4089,william,1
4090,ananias,1
4091,reducionismo,1
4092,ontológico,1
4093,anderson,1
4361,manter,1
4094,aspectos,1
99,chave,1
4359,regularizar,1
4097,topológica,1
4358,aprovou,1
4099,lincoln,1
4100,zacconi,1
4101,vaisesika,1
4354,obtido,1
4118,giuseppe,1
4119,occhiallini,1
4120,bate,1
4140,kits,1
4350,apontava,1
4141,robóticas,1
4142,ferramentas,1
4143,manuais,1
4349,sanitária,1
4144,ajudando,1
4145,gosto,1
4146,ciencias,1
4147,conheça,1
4348,vigilância,1
4148,entrando,1
4149,casademakers,1
4347,enviou,1
4150,pagina,1
4139,arduinos,1
4137,impressoras,1
4351,aprovava,1
4128,desenvolvidos,1
4121,papo,1
4122,selecionando,1
98,peça,1
4353,cedia,1
4125,trabalhamos,1
4127,massa,1
4129,construímos,1
4135,junte,1
4130,conceitos,1
4131,científicos,1
4132,contemplados,1
4352,anulou,1
4133,acredita,1
4134,criativa,1
4087,historicidade,1
4086,estendida,1
4346,jardim,1
4039,velocidade,1
4040,incrível,1
4041,conquistaram,1
4042,ganham,1
4043,progressiva,1
4044,derrubar,1
4045,antidemocráticas,1
4384,photos,1
4046,mídia,1
4047,tentativas,1
4380,meucantodeguerradce2016,1
4048,deslegitimar,1
54,avisem,1
4377,levanteeluteusp,1
4049,provam,1
4050,certo,1
4385,738072572969597,1
4386,1073741830,1
4085,transição,1
4387,718142488295939,1
4025,horizontalidade,1
4026,saudações,1
4027,lutadoras,1
4028,ponta,1
4029,lança,1
4030,organicidade,1
4031,verdadeira,1
4032,teorizam,1
4389,1713620898881784,1
110,atua,1
4034,sectários,1
4388,835108119932708,1
4035,governistas,1
4036,motriz,1
108,desenvolvidas,1
4051,autogestão,1
4052,deixando,1
4376,informem,1
4055,imagine,1
4072,contribuído,1
4073,560471347435904,1
4075,físcas,1
4369,existindo,1
4078,renner,1
4079,progresso,1
4080,tecnológico,1
4081,metodologia,1
4368,continue,1
4367,precisaremos,1
4082,lakatos,1
4365,preservar,1
4364,opôs,1
4083,victor,1
4084,organismo,1
4071,geraçoes,1
4070,contribuindo,1
4069,teórica,1
4062,levarão,1
4056,farão,1
4057,defenderemos,1
4058,saída,1
4375,olhem,1
4061,ativessem,1
4374,páginas,1
62,pichação,1
4370,continuaria,1
4063,institucionalmente,1
4372,organizem,1
4066,braga,1
4067,1989,1
4068,ministrou,1
4371,passariam,1
4151,face,1
4155,química,1
4024,guerreiros,1
4238,passividade,1
4307,terrorista,1
4240,arquivados,1
4241,conviver,1
93,visitantes,1
4243,denúncia,1
4244,relatados,1
4245,acobertamento,1
4246,desencorajando,1
4247,prestarem,1
4248,queixas,1
4249,culpabilizá,1
4304,apoiamos,1
4250,violências,1
4251,sofridas,1
4253,reivindicam,1
4239,acabam,1
4237,dependências,1
4222,valorizam,1
4236,estopim,1
4314,banda,1
4313,18h00,1
4225,inversão,1
4312,1144513345599495,1
4226,prioridades,1
4227,aconteça,1
4311,interessem,1
4310,consequentemente,1
4228,cancelas,1
4229,relega,1
4230,apertado,1
4231,perigoso,1
4233,superintendência,1
4234,tirada,1
4235,residencial,1
4254,melhoras,1
4255,impossibilita,1
4256,prosseguirem,1
4257,acadêmica,1
4273,infográficos,1
4298,vínculo,1
4297,aparentemente,1
4296,hacker,1
4276,vencedora,1
4278,quórum,1
4295,editado,1
4281,concorreram,1
4294,mudam,1
87,mudança,1
86,passando,1
4293,constelações,1
4292,passem,1
84,mediação,1
4291,mouse,1
4300,havíamos,1
4272,ln80w,1
4271,k7qip,1
4262,postergar,1
4258,combatido,1
4303,postada,1
4259,baixas,1
4260,limitando,1
4261,restaurantes,1
4301,traduzindo,1
4263,apoia,1
4270,nicodemus,1
4264,batendo,1
4265,repudia,1
4266,reinvidicadas,1
4267,passará,1
4268,preze,1
4269,eron,1
4223,cicloviário,1
4221,apresentada,1
4344,histórico,1
4173,requisitos_basicos_para_do,1
4175,50kg,1
4337,consiste,1
4176,comidas,1
4177,gordurosas,1
4180,alimentado,1
4335,perderia,1
4181,resfriadas,1
4334,fechados,1
4182,aguardar,1
4183,desaparecimento,1
4184,sintomas,1
4185,doarem,1
4186,tatuagem,1
4187,ingeriram,1
4188,alcoólicas,1
4174,pesar,1
4172,prosangue,1
4220,motos,1
4171,necessitam,1
4157,bloco,1
4158,térreo,1
4160,participarão,1
4341,poofs,1
4161,traga,1
4340,colchonete,1
4163,foto,1
4164,carteira,1
4165,habilitação,1
4339,financeira,1
4166,saúde,1
4167,descansado,1
4168,dormido,1
4338,utilizado,1
4169,últimas,1
4333,alugar,1
4332,metade,1
4331,licitatório,1
4190,hepatite,1
4209,proibindo,1
4320,tocar,1
4210,lamentável,1
4211,mínima,1
4212,antecedência,1
4319,espanhol,1
4318,cubanas,1
4214,alternativa,1
4317,músicas,1
4215,segura,1
4316,cantando,1
4315,francesa,1
4217,existem,1
4218,soluções,1
4219,bicicletário,1
4322,internacional,1
4208,afixados,1
4207,encontramos,1
4196,lineu,1
4330,tomaria,1
4191,malária,1
4192,aids,1
4329,negado,1
4193,doença,1
4194,cafb,1
4197,prestes,1
4323,curtirem,1
4328,regulamentava,1
4200,oito,1
4326,tramitava,1
4201,previstos,1
4203,mandadas,1
4204,cópia,1
51,bike,1
49,souberem,1
3749,claramente,1
3824,femininos,1
3826,subindo,1
3827,listagem,1
3828,localização,1
3829,fusiontables,1
3830,datasource,1
3831,docid,1
3832,1ru3hf_c1b5rdcr3dfroz8z4vg2i_81ror_f8r2ni,1
3833,rows,1
4450,regulamento,1
3835,cheio,1
3836,boicote,1
3837,saresp,1
3838,recepcionarmos,1
3839,calorosamente,1
3840,cobrar,1
3825,artísticos,1
3823,reconhecimento,1
3815,cinema,1
3822,espectadoras,1
3816,intervenções,1
4461,cortada,1
3817,ambiente,1
3818,compartilhamento,1
4460,compravam,1
4459,distribuíam,1
4457,núcleos,1
3819,integração,1
3820,artistas,1
4456,prejudicada,1
4455,influencia,1
4454,iniciação,1
4452,cortado,1
4451,proibido,1
3821,ativistas,1
4449,ganhando,1
3841,umas,1
4448,monitor,1
4447,faltam,1
4439,escolhidas,1
4438,cortar,1
123,refletir,1
4437,cursariam,1
4436,passaram,1
4435,acontecido,1
4434,deveras,1
3865,resistiram,1
3866,construíram,1
4433,argumentos,1
3867,pouca,1
4432,escute,1
3870,comida,1
31,furto,1
3871,cobertores,1
3860,proximidades,1
4440,optativas,1
3858,mora,1
4444,classes,1
4445,reduzido,1
3844,veterinária,1
3845,lindo,1
127,experiência,1
3847,unidos,1
3849,péssimo,1
3852,segundamente,1
3857,recado,1
3853,politizades,1
3854,combatives,1
4443,juntadas,1
3855,sambam,1
4442,diurno,1
4441,turmas,1
4462,relatórios,1
3814,shows,1
3874,tintas,1
3765,criancinhas,1
4484,each,1
3767,aspecto,1
3768,capitalista,1
4483,quarto,1
3770,cartinha,1
4481,tretas,1
3771,apadrinhem,1
4480,altas,1
3772,roupas,1
4479,aventura,1
3773,delas,1
3774,pedem,1
3775,roupinhas,1
3776,sobrinhos,1
4478,afetando,1
4485,ameaçada,1
3764,presentinhos,1
3813,dança,1
4486,lembra,1
3750,privatizar,1
4493,capacidade,1
3752,darmos,1
4492,abrem,1
3754,obhf0b,1
4491,desenvolvendo,1
3756,toba,1
4490,spoilers,1
4489,recebeu,1
3758,enchendo,1
4488,saírem,1
3759,correios,1
3760,lançaram,1
4487,trabalhoso,1
3762,cartinhas,1
3777,irmãos,1
3778,consegue,1
4477,conteseno,1
4476,servirão,1
3796,stephano,1
4466,garantia,1
3798,aeeeeee,1
3799,aeee,1
3801,sorte,1
3802,retirarem,1
4465,recebendo,1
3806,gratuita,1
4464,esperanças,1
3807,englobará,1
4463,depositou,1
3808,manifestações,1
3809,artísticas,1
3810,femininas,1
3812,música,1
3795,laura,1
3794,felizardos,1
3793,sortudos,1
3787,grandioso,1
3780,pegar,1
3782,zona,1
3783,leste,1
3784,conselheiro,1
3785,carrão,1
4474,sobra,1
3788,guia,1
4288,hackearam,1
4473,puts,1
4472,recapitulando,1
4471,revistos,1
3789,mochileiro,1
4470,contrato,1
3791,salmão,1
4429,pedago,1
4426,acontecerão,1
4023,parabenizamos,1
3969,ligados,1
3971,implementada,1
4404,concorrendo,1
3972,vinte,1
3973,segregar,1
3974,existência,1
3976,trabalhadora,1
3977,fazemos,1
3978,fortaleçam,1
3979,auxiliem,1
3980,produtos,1
3981,papelaria,1
4402,plenário,1
3983,conseguiremos,1
3985,instâncias,1
3986,deixaremos,1
3970,privatista,1
3968,impede,1
3952,mural,1
3967,privilegiada,1
4406,seguintes,1
3954,capital,1
4405,interessadas,1
3955,declara,1
3956,investidas,1
3957,criminoso,1
3958,arbitrariamente,1
3959,dezenas,1
3960,básico,1
3961,secundarista,1
3962,trinta,1
3963,ativo,1
3964,forte,1
3965,derrotar,1
3966,mercadoria,1
3987,aproveitamos,1
3988,repudiar,1
3989,contente,1
3990,assassinar,1
4396,assaito,1
4009,autoritário,1
4010,perseguição,1
4011,lutadores,1
47,jaguaré,1
4393,todasasmaos,1
4014,rebele,1
4015,avanços,1
4016,setores,1
4017,conservadores,1
4018,classismo,1
4019,burguês,1
4392,reviravoltanausp,1
4021,engajamento,1
4022,dialogando,1
4397,125281207870434,1
4008,violento,1
4007,demonstra,1
3997,filho,1
3991,reprime,1
3992,chegamos,1
4400,chapaa,1
4399,1583428501948050,1
3994,aquele,1
3996,irrisório,1
3998,desassistido,1
4006,ostensiva,1
3999,orgulha,1
4000,agredir,1
4001,reprimir,1
4002,brutalmente,1
4003,sitiados,1
4004,desproporcional,1
3953,membro,1
3951,abertos,1
3876,negligente,1
3890,quorum,1
3892,contemplar,1
4417,recarga,1
3894,incentivamos,1
4416,interior,1
3895,mobilizem,1
3897,senhora,1
4415,abrangidos,1
3898,assunção,1
3900,paralelo,1
3901,corifeu,1
4414,normalmente,1
3902,shopping,1
3903,vital,1
3904,brazil,1
3905,resistir,1
3891,hábil,1
3889,entraremos,1
3950,lembramos,1
4418,divido,1
3877,governado,1
3878,ricos,1
3879,instaurou,1
3880,caótica,1
4425,vale,1
4424,chegaria,1
4423,posts,1
4422,212486915789692,1
4421,vamo,1
3884,aulão,1
3885,voluntáries,1
3886,mandar,1
3887,rápido,1
4419,plateia,1
3888,comentar,1
3906,cair,1
3908,prestigiar,1
3910,tops,1
3911,tucanistão,1
3932,querido,1
3933,chegará,1
3934,perca,1
3935,comparsas,1
3936,926315220783411,1
3937,hugs,1
3938,bison,1
4407,investimentos,1
3942,cobrado,1
3943,emprestados,1
3945,determinamos,1
3946,cumprido,1
3947,devida,1
3948,firmeza,1
3949,desculpamos,1
3931,tomates,1
3930,ovos,1
3929,alto,1
3919,reunirão,1
3912,estrela,1
3915,fmvz,1
3916,confirmados,1
3917,cerimônia,1
3918,inimigos,1
4411,monitorias,1
3920,proibir,1
3927,bravamente,1
3921,defende,1
3922,hegemonia,1
3923,provado,1
3924,inimigo,1
3925,verdadeiramente,1
3926,adversário,1
4038,aumenta,1
439,problemático,1
3258,exemplos,1
754,explicado,1
1901,provisório,1
758,adequação,1
1903,vaga,1
1904,efeitva,1
1906,requisitos,1
757,aprovada,1
1909,indisponibilizando,1
1910,consigo,1
1912,disponho,1
1899,ocupacação,1
1914,anfitrião,1
1915,consiga,1
1916,9855,1
1917,2060,1
1919,agradeco,1
1922,embaixo,1
1923,escrito,1
1925,quiser,1
1900,alojamento,1
1897,hospedar,1
1863,apareça,1
773,continuidade,1
1865,quintas,1
1868,vindas,1
1869,aparecerem,1
1870,lindes,1
1872,arrecadação,1
1873,aproveitem,1
1874,começo,1
1877,urgente,1
1880,origem,1
760,educadoras,1
1881,70km,1
772,inviabiliza,1
1884,cursarei,1
770,reduz,1
1887,termina,1
767,ilegal,1
1893,percurso,1
762,infantil,1
1926,voluntariar,1
1928,fundada,1
1929,tocada,1
727,prejudicando,1
1976,visou,1
1977,protestar,1
739,funcionária,1
736,afetadas,1
734,filhes,1
1986,unitária,1
1990,manifestação,1
730,estudam,1
726,vetada,1
1930,voluntariamente,1
1997,controlado,1
1998,deixava,1
1999,isolada,1
2001,cordão,1
2004,cercados,1
2007,caldeirão,1
2008,sensação,1
2009,totalmente,1
1975,ciclista,1
1973,tarifa,1
741,assinem,1
1963,pref,1
1931,pretende,1
1933,parcerias,1
1935,baixa,1
749,diretiva,1
1940,problematize,1
1943,vigente,1
1944,possibilitando,1
748,informação,1
1948,arquivo,1
1949,contém,1
1951,constantemente,1
1955,perguntem,1
1957,cursinhodafflch,1
744,rolarão,1
1959,document,1
1960,11ytoldrybdkw5ubroqj60op3oxlavwsgv_6o4qa,1
1962,mobilebasic,1
1864,terças,1
775,associações,1
3257,apresentar,1
1783,considera,1
1760,atuando,1
1762,tratando,1
1765,serviço,1
833,apoiem,1
1769,travessa,1
1772,05508,1
832,curtam,1
829,integral,1
827,mantenhamos,1
1758,intercâmbio,1
1785,valorize,1
1786,promova,1
1787,igualdade,1
1790,agir,1
824,dobre,1
1792,legislativa,1
1794,define,1
1795,metas,1
837,iniciatiava,1
838,precisar,1
776,prepararam,1
1734,tornando,1
860,testes,1
1719,interunidades,1
856,tirarão,1
1726,atuam,1
1727,preparam,1
1728,docência,1
1730,elementos,1
1731,inicial,1
846,óssea,1
1755,propiciar,1
1742,oficiais,1
1743,subsídios,1
1744,oferecer,1
1748,iniciativas,1
1750,visíveis,1
841,editorial,1
1752,direto,1
1753,propósito,1
1796,estratégias,1
1797,modalidades,1
1798,níveis,1
1844,fale,1
806,manda,1
1836,corações,1
805,documentos,1
1838,preparativos,1
1839,meios,1
1840,semanal,1
801,atitudes,1
799,monções,1
1846,vinda,1
823,concedido,1
785,titulares,1
1850,veteranos,1
784,recorrerá,1
1854,bixetes,1
1855,bixos,1
780,reverter,1
1859,ajudinha,1
1860,prefere,1
1834,obrigatoriamente,1
808,acharem,1
1831,santa,1
1830,terão,1
1803,civil,1
1804,protocolada,1
1806,1035,1
822,benefício,1
1808,joão,1
1810,vidigal,1
1812,lighia,1
1814,horodynski,1
1815,matsushigue,1
1817,16hs,1
812,enfim,1
811,ambiciosa,1
1823,feriado,1
810,estratégia,1
1825,termos,1
1828,adiado,1
1829,indefinida,1
2010,preso,1
2012,seguiria,1
2013,rebouças,1
2200,reprimindo,1
2184,aj9xhz,1
2185,convoca,1
658,experiências,1
2188,centavos,1
2189,aplicado,1
2191,tiradas,1
2192,fabio,1
2197,declarou,1
2203,acha,1
2181,theatro,1
2204,bomba,1
650,mista,1
2207,medo,1
649,apresentam,1
2210,crescem,1
648,parceria,1
2212,toma,1
644,interaja,1
2183,acessado,1
2180,batata,1
2015,queriam,1
2162,opuser,1
2143,bebê,1
2150,provocação,1
2151,vandalismo,1
2155,comprometidos,1
2156,lucros,1
2157,empresas,1
2158,pague,1
2159,utilizam,1
2163,impostas,1
2179,largo,1
2165,curiosamente,1
2167,trágico,1
2170,abusos,1
2171,realizam,1
2172,verdadeiros,1
2173,genocídios,1
2174,periferias,1
2177,convocados,1
640,ambientes,1
2218,arrego,1
2219,ocupem,1
2267,atendê,1
2251,clínicas,1
2255,sinuca,1
2256,cancelada,1
634,atmosféricas,1
632,geofísica,1
2263,lounge,1
2265,fiesta,1
2266,armazém,1
2268,instalados,1
2220,resistam,1
631,astronomia,1
2270,500m2,1
2271,distribuídos,1
2272,imóveis,1
2273,adjacentes,1
629,surgiu,1
2275,vila,1
2276,olímpia,1
2250,montoro,1
2249,lucy,1
2248,reabilitação,1
2247,trabalha,1
2223,mobilizades,1
2224,indicativo,1
2226,paralisados,1
2227,estruturas,1
2228,chegar,1
2229,agradecimentos,1
2230,emprestou,1
2231,posteres,1
2232,forneceu,1
2233,decoração,1
637,trazer,1
2240,sobrinho,1
2241,salvador,1
2243,respeitado,1
636,formar,1
2245,infectologista,1
2246,formado,1
2139,seis,1
2138,grávida,1
2137,moça,1
2061,cacetadas,1
2048,truculência,1
2049,voltando,1
2051,avenida,1
2054,dali,1
2055,escapassem,1
2056,tiros,1
2059,spray,1
2060,pimenta,1
2066,prensados,1
2077,bares,1
2067,parede,1
2068,respirar,1
703,notar,1
2070,jogada,1
702,refeitório,1
2072,concentrados,1
2074,refugiar,1
2075,estabelecimentos,1
705,bandeco,1
708,demora,1
2043,avançaram,1
711,causar,1
2016,seguisse,1
719,imaginamos,1
2018,emboscada,1
2020,armado,1
718,frequencia,1
2022,rota,1
2024,preparavam,1
2026,duramente,1
2027,reprimidos,1
2028,cercavam,1
2031,efeito,1
713,adoecer,1
2035,lacrimogênio,1
2036,começaram,1
2037,direções,1
712,sobrecarga,1
2039,pedir,1
2076,próximos,1
694,afetados,1
2135,deficiente,1
2122,ouvidos,1
2106,indo,1
2110,passassem,1
2114,decisão,1
2115,atravessar,1
2116,tóxica,1
2117,máscara,1
2118,correr,1
2119,risco,1
2124,choque,1
2079,comerciais,1
2125,avançou,1
2127,repórteres,1
2128,fotografando,1
2129,filmando,1
2130,ameaçando,1
2131,bater,1
2132,neles,1
2133,houveram,1
2105,capaz,1
2104,preocupar,1
2103,próximas,1
2102,correria,1
2081,presente,1
2082,conseguiram,1
2083,cerco,1
2084,olhar,1
690,encarregado,1
2086,mirando,1
2087,rifles,1
2088,bala,1
2091,alvo,1
2092,precisavam,1
2093,mirar,1
2094,acertar,1
2095,enxergar,1
2096,olhos,1
2097,ardendo,1
2099,barulho,1
2100,quebrando,1
1715,pedagógica,1
1714,científico,1
871,eventualmente,1
1070,bonbon,1
1319,metáfora,1
1320,persistência,1
1322,1632367807029448,1
1324,exista,1
1326,educaçâo,1
1073,vencedor,1
1071,haus,1
1330,surpreende,1
1333,coloque,1
1317,lennon,1
1340,componente,1
1344,iniciais,1
1347,mecionou,1
1067,lembas,1
1352,tranversal,1
1066,deliciosas,1
1354,acaba,1
1355,abordado,1
1318,maccartney,1
1316,blackbird,1
1434,permanecerão,1
1299,militância,1
1290,transformação,1
1291,embu,1
1082,sorteiefb,1
1079,quero,1
1078,clicar,1
1295,polo,1
1296,divide,1
1298,realçando,1
1300,pobres,1
1314,autoria,1
1301,dimensão,1
1302,lírica,1
1304,abrange,1
1307,canções,1
1309,relembrar,1
1310,companheiros,1
1311,jornadas,1
1313,poema,1
1357,vivemos,1
1359,carente,1
1065,cestas,1
1033,pipoca,1
1401,educacao,1
1403,lanca,1
1405,mudar,1
1406,isto,1
1407,sugerir,1
1413,submetida,1
1041,externo,1
1415,redigido,1
1421,plataforma,1
1063,concorre,1
1423,basenacionalcomum,1
1032,bônus,1
1426,inicio,1
1026,exibição,1
1429,virá,1
1430,avaliar,1
1431,anda,1
1432,avaliadores,1
1398,determinar,1
1397,reformular,1
1048,falará,1
1395,conclusão,1
1061,marcando,1
1369,anexado,1
1370,especificando,1
1371,correspondente,1
1372,dropbox,1
1374,8m2w4b2wi4gz4ea,1
1375,20base,1
1376,20nacional,1
1377,20comum,1
1380,estipula,1
1384,ensinar,1
1059,compartilhando,1
1387,março,1
1389,ministério,1
1052,usuário,1
1393,clique,1
1394,baixar,1
1289,pioneiros,1
1288,exterior,1
1287,apresentaram,1
1204,pensarmos,1
1139,poética,1
1137,escritor,1
1135,artes,1
1196,meia,1
1197,reservada,1
1132,matuck,1
1131,artur,1
1202,refletirmos,1
1205,caminhos,1
1112,agendas,1
1206,caixinhas,1
1207,trilhado,1
1127,esférica,1
1126,vaca,1
1122,confirmar,1
1119,difusão,1
1118,pioneiro,1
1117,estatística,1
1140,coleção,1
1187,cumprindo,1
1186,avalia,1
1141,stelo,1
1158,cabulosa,1
1159,faaarions,1
1151,oieeeeeee,1
1161,lokooos,1
1162,sério,1
1150,amigas,1
1166,politizada,1
1146,postando,1
1171,panz,1
1173,delegade,1
1175,aeeeeeeeeeeeeee,1
1176,vemmmmmmmmmmmmmmmm,1
1143,indefinido,1
1178,nessses,1
1180,limdo,1
1182,avaliado,1
1142,binara,1
1113,celulares,1
1111,calendários,1
1286,africanas,1
1269,poeta,1
1096,academia,1
1262,realizarão,1
1094,boitempo,1
1093,naify,1
1092,cosac,1
1089,companhia,1
1088,aleph,1
1085,495504,1
1270,ator,1
1110,anotem,1
1271,agitador,1
1274,trindade,1
1275,contribuiu,1
1084,promocao,1
1280,1974,1
1281,liderou,1
1284,ampla,1
1285,tradições,1
1260,casilêoca,1
1098,veneta,1
1253,recorte,1
1252,abarcam,1
1229,moradores,1
1230,remo,1
1106,aproxima,1
1104,alínea,1
1236,invasão,1
1237,resultou,1
1238,enquadro,1
1239,detenção,1
1240,garotos,1
1102,edunesp,1
1101,marinho,1
1244,portões,1
1245,intimidando,1
1246,enquadram,1
1100,vermelho,1
1099,odysseus,1
1250,propõem,1
1433,externos,1
1025,orwell,1
1710,assessoria,1
1602,mandatos,1
937,inclusp,1
936,vigor,1
1592,1475376829441670,1
1595,a8sxatcxh1,1
934,acrescida,1
933,pontuação,1
931,ineficácia,1
1601,duração,1
1603,responsáveis,1
1588,igualitárias,1
928,vindos,1
1606,órgãos,1
1609,obrigatório,1
927,quantidade,1
926,notavelmente,1
1615,deixo,1
923,ingressantes,1
1617,recuperar,1
1589,ocorrem,1
1587,democráticas,1
1024,george,1
1573,fundamentados,1
966,destes,1
965,distribuição,1
1563,congressual,1
964,escassa,1
960,locais,1
1568,abordar,1
1570,pautados,1
1572,cheguemos,1
1574,contemplem,1
939,concluímos,1
1575,problematizam,1
950,contemplado,1
946,transsexuais,1
945,índios,1
1580,parecerem,1
1581,certeza,1
940,reservas,1
1585,ignorá,1
1622,articulará,1
920,deva,1
915,acordadas,1
878,idéia,1
1666,economias,1
893,confira,1
888,preocupantes,1
1671,discutem,1
1676,apresenta,1
882,solidariedade,1
881,356969394494100,1
879,beijo,1
877,espalhem,1
1631,lacaios,1
876,podermos,1
1691,exemplifica,1
1700,2cwau,1
1702,cqgeauav8,1
1703,aw75h_mq3zk,1
1704,lif3nzsoiya,1
1706,bz0jhwp__n4,1
1708,2r5l95i,1
1665,gastar,1
1663,saldao,1
1662,97949,1
1661,www5,1
912,compromissos,1
911,adiar,1
1636,verão,1
1637,rycas,1
1639,poderosíssimas,1
1642,saldão,1
1644,setembro,1
901,garantindo,1
900,cedido,1
1649,humanas,1
898,agradecer,1
1651,cinco,1
1653,adquirir,1
1655,arte,1
1656,números,1
1657,revista,1
1658,descontos,1
1560,queridones,1
1558,hoooooooje,1
1557,hoooje,1
1003,honra,1
1465,hídrico,1
1469,morto,1
1470,vivo,1
1012,notificações,1
1011,receba,1
1010,curta,1
1008,ampliaremos,1
1484,tornará,1
1487,destinada,1
1499,possui,1
1488,periódicos,1
1489,continuará,1
1001,raissa,1
1491,permanecerá,1
1000,querida,1
999,colaborar,1
994,contemplada,1
992,independentemente,1
1464,operacional,1
1463,técnico,1
1018,exibido,1
1460,banheiro,1
1022,baseado,1
1440,manifestem,1
1441,reflita,1
1442,sentimos,1
1021,1984,1
1446,roteador,1
1447,cobria,1
1448,queimou,1
1450,investigado,1
1452,tantos,1
1453,roteadores,1
1454,cobrem,1
1455,aquela,1
1456,queimarem,1
1457,providenciado,1
1458,incluindo,1
1459,bebedouro,1
1497,conquista,1
1500,nisso,1
967,solução,1
1542,argumentamos,1
1529,realocar,1
978,parcial,1
1531,corredores,1
1533,futuramente,1
1535,perguntamos,1
976,integralmente,1
975,adotada,1
1540,úteis,1
1544,entendemos,1
1501,fizemos,1
1546,jeito,1
1547,galeraaaaaaa,1
973,aplicada,1
1550,tristes,1
1551,abandonades,1
968,eficaz,1
1554,eeeeeee,1
1555,beijoooos,1
979,exame,1
1526,tivessem,1
1525,proveitoso,1
1524,subutilizados,1
988,ruim,1
1504,estudada,1
987,atipicamente,1
1506,paredes,1
1507,pudessem,1
1508,servir,1
986,desempenho,1
985,julgados,1
1513,molde,1
984,erroneamente,1
1516,revisteiros,1
1517,cadeiras,1
1518,parecem,1
1519,espera,1
982,evita,1
1521,houvesse,1
981,acessível,1
627,votadas,1
625,levadas,1
2282,individualmente,1
449,prazos,1
2936,inscreveram,1
2937,sorteios,1
2938,spreadsheets,1
2939,100xqoznw3wm2pazxduex5wkdwhszemxdjiqczc2x4_8,1
2940,edit,1
451,precisamo,1
2943,antigxs,1
2944,liberem,1
2946,liberado,1
2934,designados,1
2947,novxs,1
2948,solicitar,1
2949,pertences,1
2950,guardados,1
2951,devidamente,1
2952,identificados,1
2953,retirados,1
2954,elaborado,1
2935,pras,1
452,estabelecer,1
3029,entregado,1
2911,1578357129090930,1
2902,obtivemos,1
2903,1400,1
2904,protocoladas,1
460,valorizando,1
2906,ademais,1
459,fazermos,1
2909,pretas,1
2910,ordinária,1
2912,gritaram,1
454,meta,1
2913,propõe,1
2914,orçamentárias,1
2919,dizia,1
2921,especificava,1
2923,orcamento,1
2924,2283,1
2925,ataca,1
2927,querides,1
448,antecipadamente,1
2958,senhores,1
2959,tradição,1
3010,abeuni,1
2999,participará,1
3000,torneio,1
3001,baterias,1
3002,interbatuc,1
3003,critérios,1
3004,permitem,1
3006,caridade,1
3007,dobro,1
3011,fkgedmv8vo,1
1154,lokoooo,1
418,centralização,1
413,convocado,1
3019,liberação,1
3020,pelxs,1
3023,daqui,1
3024,quadro,1
3025,caótico,1
3026,relógios,1
2997,democráticos,1
2995,comprometa,1
419,vergueiro,1
2993,ativamente,1
438,colocado,1
2966,declararem,1
2967,participarem,1
2968,reconheceu,1
2969,legitimidade,1
2974,contabilizando,1
433,surgimento,1
2980,considerando,1
2981,paridade,1
2983,agradece,1
2984,candidato,1
2985,recomenda,1
432,tratará,1
2988,acatem,1
2989,indicação,1
2990,expressa,1
424,fisica,1
2900,admitido,1
2897,recolhimento,1
461,paga,1
2825,chamaram,1
2813,perseguindo,1
2814,resumindo,1
2815,mera,1
2816,implicância,1
2818,enxurrada,1
2820,coniventes,1
2823,falocêntrico,1
2824,ofensivo,1
2827,exagerando,1
2842,exacerbada,1
2828,proibirmos,1
2829,prezar,1
479,pastas,1
2834,psicologicamente,1
2836,pele,1
2838,orientação,1
2839,sexual,1
476,exigências,1
2812,iremos,1
2811,patriarcal,1
2810,dominação,1
2809,privilegiados,1
2785,causado,1
2786,aceitaria,1
2788,reembolsados,1
2789,escrevessem,1
2790,esperar,1
2791,término,1
2792,dirigiu,1
2794,surgiram,1
2795,deixarmos,1
2796,entraria,1
2799,atacado,1
2800,feministas,1
2801,loucas,1
2804,assimilar,1
2806,admitimos,1
2807,referindo,1
2808,desonesta,1
474,selecionar,1
2843,preza,1
2895,discutidos,1
2880,tolerar,1
2869,imparciais,1
2873,incondicional,1
2874,semelhante,1
2875,aceitável,1
469,norteadora,1
2877,empoderamento,1
468,pergunta,1
2879,guerreiras,1
2881,comportamento,1
2844,compactuará,1
2882,abusivo,1
2883,opressor,1
2884,repressor,1
2885,corpos,1
2886,batalha,1
2887,cotidiana,1
2888,sobrevivência,1
2894,inteirar,1
2868,manteremos,1
2867,recuaremos,1
2866,humilha,1
2865,mata,1
2845,tolerará,1
2846,defendida,1
2847,nasceram,1
2848,liberdades,1
2849,garantidos,1
2850,injusta,1
2851,desigual,1
2853,ouvidas,1
2854,ruptura,1
2855,paradigmas,1
2856,vigentes,1
2857,conquistando,1
2859,doer,1
2860,leve,1
2861,relativizar,1
2862,tratar,1
2863,cúmplice,1
3027,contagem,1
3031,conversamos,1
2783,desculpas,1
3191,computadores,1
3181,funciona,1
3182,ferramenta,1
3183,produzir,1
3184,editar,1
3185,textos,1
3187,aprender,1
3188,outres,1
3189,quantas,1
3192,quantos,1
3178,juntas,1
3193,1aiphtcutd9a3_ftt_9mlr5wkx4heh9qnhvcroptwqoe,1
344,aconteçam,1
3196,atualizando,1
3197,reorganizando,1
3199,veteranx,1
3200,guardada,1
3202,digitalizadas,1
3203,disponibilizadas,1
350,11h30,1
3177,estudem,1
3032,andamento,1
3161,abraços,1
3151,convivência,1
3152,enza,1
3153,iran,1
3154,sueli,1
3156,colega,1
3157,substituiu,1
3158,competência,1
3160,sucesso,1
3162,deveríamos,1
3176,prévio,1
3163,colocassem,1
3165,opinar,1
3166,furos,1
3167,colocados,1
3168,papéis,1
3172,pebolim,1
3174,contarão,1
3175,conhecem,1
3204,pasta,1
3205,computador,1
342,impeça,1
3247,xiicongressodausp,1
335,disciminatória,1
3236,enriquecer,1
3239,mtst,1
3242,montar,1
3243,cálculo,1
3244,metriculades,1
334,repressora,1
3246,acessem,1
3248,wordpress,1
3207,acessá,1
3249,ativismo,1
3250,dialogue,1
3251,atenda,1
3252,resista,1
3253,constantes,1
3254,rolê,1
3255,bjks,1
3256,irão,1
3234,penal,1
3233,maioridade,1
3232,redução,1
338,entenda,1
3208,drive,1
3209,file,1
3210,0bztdlsqipbttdne0vkzpyu5novpxenliskvod0hqzni4mku4,1
3212,inscreva,1
339,gravidade,1
3214,acadêmicas,1
3216,inserem,1
3217,permanecem,1
3218,promovido,1
3220,deliberação,1
3222,articular,1
3223,eixos,1
3224,coletivamente,1
3226,representado,1
3227,respectiva,1
3229,plenárias,1
3230,confraternizações,1
3150,tive,1
3149,equipes,1
3148,assistentes,1
388,bancos,1
3064,ambos,1
392,juntes,1
3067,sucessor,1
3070,composição,1
3071,diferentemente,1
3072,anteriores,1
389,janela,1
3074,tríplice,1
3077,organizarão,1
3088,histórica,1
3078,paritária,1
3079,definirá,1
3080,aproximar,1
3081,responsabilidades,1
3082,tangem,1
3083,criticar,1
3085,antidemocráticos,1
3086,existentes,1
3063,estadão,1
3061,subsídio,1
3060,julgar,1
3055,decano,1
3034,relatavam,1
3035,ocorrencia,1
3036,musica,1
3037,bebedeira,1
3038,perguntou,1
410,verbas,1
3040,solicitada,1
3041,explicamos,1
3042,happyhour,1
3043,reúnam,1
3044,espontaniedade,1
408,efeitos,1
3046,impossível,1
3047,procedimento,1
3049,esclareceu,1
3051,sucessão,1
3053,vacância,1
3087,esferas,1
3089,dirigentes,1
3146,atentos,1
3132,integralidade,1
3123,prezados,1
3124,ifuspianos,1
3125,comunico,1
3126,solicitei,1
3127,magnifico,1
3128,exoneração,1
3129,aposentadoria,1
3131,mandato,1
3133,desculpo,1
3091,finanças,1
3134,motivado,1
3135,razões,1
3136,ordem,1
361,funcionáries,1
3138,apoiou,1
3142,procuraram,1
3144,engrandecimento,1
3145,estiveram,1
3121,renuncia,1
3120,441368849362387,1
3119,assustador,1
374,ref_dashboard_filter,1
386,11h20,1
3094,interferem,1
3095,plataformas,1
3096,claras,1
3097,amplamente,1
3099,enviem,1
3102,inseridos,1
3103,cédulas,1
3105,promoveremos,1
3106,divulguem,1
3107,compartilhem,1
3109,9h30,1
3112,lamentamos,1
3113,escolhida,1
375,upcoming,1
3115,comprometendo,1
3116,criticas,1
2784,inconveniente,1
485,cópias,1
2285,simultaneamente,1
2448,pesquisadores,1
2434,desigualdades,1
2435,entendimento,1
2436,dimensões,1
2438,perpassam,1
571,cuidar,1
2441,crescendo,1
2443,incorporá,1
2445,âmbitos,1
2449,nessas,1
2432,encontraram,1
2450,temáticas,1
2452,inclui,1
2453,ciclo,1
2454,apresentações,1
2458,peticaopublica,1
2459,pview,1
2460,aspx,1
2462,br80189,1
2433,escritos,1
2431,nacionais,1
2536,propomos,1
2414,custar,1
593,concertar,1
2401,encomendas,1
2405,pagamento,1
587,houver,1
2407,cartão,1
2408,marivalda,1
586,usadas,1
2411,line,1
2417,vivendo,1
2430,internacionais,1
2418,termo,1
2419,cessão,1
2420,sociólogo,1
578,neon,1
2423,construiu,1
2424,intelectual,1
2428,influenciaram,1
2429,intelectuais,1
2464,decreto,1
2469,danilo,1
2471,eefe,1
555,lida,1
2503,coletivos,1
2504,apoiarem,1
2505,criminalização,1
557,furtos,1
2507,dceusp,1
2509,criminaliza,1
2510,repetir,1
2511,persegcao,1
551,expulsa,1
2472,marcela,1
550,aluna,1
2525,discutirão,1
2526,desventuras,1
2528,militante,1
2530,afetado,1
548,encaminhar,1
2533,indivíduos,1
2534,439401806220660,1
2502,sindicatos,1
2501,dces,1
560,ocorrer,1
2498,denunciar,1
2473,carbone,1
2474,vanessa,1
2475,couto,1
2478,continha,1
2479,administrativo,1
561,comunique,1
2481,alega,1
2483,haviam,1
2485,interrompido,1
2488,gritando,1
2489,autoritarismo,1
2491,prosseguisse,1
2492,obrigando,1
2493,encerrar,1
2494,afirmamos,1
2495,inaceitável,1
2496,adiante,1
594,fechaduras,1
2396,reservar,1
595,tomadas,1
2320,vodka,1
2312,fornecidas,1
2313,companhias,1
2314,ambev,1
2315,cervejas,1
2316,budweiser,1
2317,skol,1
2318,pernod,1
2319,ricard,1
2321,absolut,1
2337,representa,1
2323,exclusividade,1
2324,enviando,1
2325,anexo,1
617,compras,1
2328,horários,1
2330,formatura,1
2332,responda,1
2333,envie,1
2311,garantida,1
2310,procedência,1
2308,equipe,1
618,caixinha,1
2286,organizador,1
2287,criar,1
2288,inédito,1
624,coloquem,1
2290,infra,1
622,vivêncica,1
2293,climatização,1
2294,mobiliário,1
2295,custos,1
620,colocada,1
2298,opções,1
2299,arquitetura,1
2300,exclusivas,1
619,explicativa,1
2303,segmentos,1
2304,musicais,1
2305,expertise,1
612,conhece,1
2339,disponibilizar,1
2393,manifestar,1
2380,extinção,1
603,estragam,1
2370,tivemos,1
2371,procurador,1
2372,conquistas,1
2373,conseguidas,1
2376,prosseguir,1
601,quadros,1
600,trocar,1
2381,regime,1
2341,convites,1
2382,dedicação,1
2383,exclusiva,1
598,sonoro,1
597,isolamento,1
2389,deflagrada,1
2390,deliberar,1
2391,aderiremos,1
2392,internas,1
2367,articulou,1
2366,membras,1
2365,informativo,1
2364,produziu,1
2343,voucher,1
2344,consumo,1
2345,prazer,1
2346,recebê,1
2348,947377669,1
2350,notes,1
2351,2604,1
2352,598228417007904,1
606,incentivar,1
605,inapropriadas,1
604,canetas,1
2357,coletados,1
2358,acarretaria,1
2359,perda,1
2361,tiramos,1
2362,groups,1
2363,580628818772994,1
2535,aprofundarmos,1
2537,discutirmos,1
2781,deviam,1
2709,gordas,1
499,usados,1
498,bibliografia,1
2701,indagado,1
2702,viés,1
2704,ofendidas,1
2705,souberam,1
2706,interpretar,1
2708,ridicularizar,1
2710,ressaltamos,1
2694,composta,1
2712,menosprezá,1
2713,padronização,1
2714,idealização,1
2717,objetifica,1
2718,condiciona,1
2719,subordinação,1
2720,masculina,1
2722,ditar,1
2696,retratar,1
2693,convocou,1
2539,frigobar,1
2679,conduta,1
2670,sentiram,1
2671,oprimidas,1
2672,subjugadas,1
2673,decidiu,1
2675,comunicado,1
2676,indivíduo,1
505,encarregados,1
2678,demonstrou,1
2680,exaltada,1
503,chuva,1
2681,violenta,1
2682,agredindo,1
2683,verbalmente,1
2684,berros,1
2685,companheiras,1
2686,encarregadas,1
2689,falha,1
2690,chamá,1
2724,admitiremos,1
2725,tentem,1
2726,fazê,1
2769,pequenezas,1
486,venda,1
2756,ofendidos,1
2758,segui,1
2761,ignorando,1
2763,respeitar,1
2764,absurdos,1
2766,militarem,1
2767,ficam,1
2770,indignar,1
2729,vivências,1
2772,tradicionalmente,1
2773,masculino,1
2774,estivesse,1
2775,exposta,1
2776,necessitasse,1
2777,quisesse,1
2779,desculparia,1
2780,alertado,1
2754,representatividade,1
2753,reconhecer,1
2752,negou,1
488,driver,1
2731,recusou,1
2732,desconstruir,1
2733,insistiu,1
2735,estariam,1
2736,erradas,1
2738,coisa,1
2739,admitiu,1
2740,gordofóbico,1
2741,destilar,1
490,encadernação,1
2743,sido,1
2744,gordo,1
2745,ápice,1
2747,expressões,1
2748,repulsa,1
2749,garota,1
2750,tentava,1
2666,assumir,1
2664,decidiram,1
2663,envolvidas,1
2585,polêmico,1
2573,lindas,1
2574,lindos,1
2575,sabem,1
2576,mereceram,1
2577,brilhando,1
2581,caloures,1
2582,interessades,1
2584,usado,1
2586,manifeste,1
2605,lindxs,1
2588,construído,1
2590,reedição,1
2592,finalmente,1
532,preocesso,1
2596,votantes,1
2598,elcio,1
2599,abdalla,1
525,abranja,1
2572,fôlego,1
2571,ganharam,1
2570,cherateiras,1
2569,queridas,1
2541,864159326990035,1
2543,rever,1
2544,cenas,1
2545,lamentáveis,1
2546,prisão,1
2548,constas,1
2549,chocante,1
2551,trancaço,1
544,efetivamente,1
2553,apontar,1
541,sabermos,1
2556,tercerização,1
2558,trabalhistas,1
2560,agredidos,1
2561,feridos,1
2562,sindicato,1
2568,anunciar,1
2603,ataac,1
2606,entrevistar,1
2662,sexista,1
2648,extremamente,1
2636,brinks,1
2638,food,1
2639,antemão,1
2640,deixou,1
2641,toleradas,1
510,luiza,1
2645,análise,1
2646,perceber,1
2650,frase,1
2607,recredenciamento,1
2652,enraizado,1
2654,normalizado,1
2656,entendendo,1
2657,problematizar,1
2658,discurso,1
2659,inocente,1
2660,patologicamente,1
2661,misógina,1
514,abriremos,1
2633,minas,1
516,nele,1
2630,aniversário,1
2609,defenderem,1
2610,entrevistas,1
2611,seção,1
523,coletar,1
2616,explanar,1
2617,minuciar,1
2618,alertar,1
2619,circulam,1
2620,abrir,1
2621,inibir,1
2622,recorrência,1
518,contatar,1
2624,iniciar,1
2625,reflexão,1
2627,adjacente,1
2628,autor,1
2629,comemoraria,1
4720,cedo,1
